,M_CP008896,ME_CP008896,CP008896,M_CP053697,ME_CP053697,CP053697,M_CP026386,ME_CP026386,CP026386,M_CP069317,ME_CP069317,CP069317,M_AE004091.2,ME_AE004091.2,AE004091.2,M_pputida,ME_pputida,pputida,M_CP073105,ME_CP073105,CP073105,M_CP065866,ME_CP065866,CP065866,M_CP061848,ME_CP061848,CP061848,M_CP012831,ME_CP012831,CP012831,M_CP008749.1,ME_CP008749.1,CP008749.1,M_CP032419,ME_CP032419,CP032419,M_CP038001,ME_CP038001,CP038001,M_CP022560,ME_CP022560,CP022560,M_CP076683,ME_CP076683,CP076683,M_CP045416,ME_CP045416,CP045416,M_LS483372,ME_LS483372,LS483372,M_CP022562,ME_CP022562,CP022562,M_LR590473,ME_LR590473,LR590473,M_CP065865,ME_CP065865,CP065865,M_CP012830,ME_CP012830,CP012830,M_AP014655.1,ME_AP014655.1,AP014655.1,M_CP061335,ME_CP061335,CP061335,M_CP068238,ME_CP068238,CP068238,M_CP050291,ME_CP050291,CP050291,M_CP070982,ME_CP070982,CP070982,M_CP000712,ME_CP000712,CP000712,M_AP024503,ME_AP024503,AP024503,M_CP045349,ME_CP045349,CP045349,M_CP063780,ME_CP063780,CP063780,M_CP024478,ME_CP024478,CP024478,M_CP022561,ME_CP022561,CP022561,M_CP065867,ME_CP065867,CP065867,M_CP020100,ME_CP020100,CP020100,M_CP039749,ME_CP039749,CP039749,M_CP041013,ME_CP041013,CP041013,M_CP015225,ME_CP015225,CP015225,M_CP045359,ME_CP045359,CP045359,M_CP043320,ME_CP043320,CP043320,M_CP060288,ME_CP060288,CP060288,M_CP043179,ME_CP043179,CP043179
tRNA Charging,1.0,1.0,0.0,1.0,-1.0,-2.0,0.0,0.0,0.0,0.0,0.0,0.0,0.0,0.0,0.0,1.0,1.0,0.0,-1.0,0.0,1.0,-1.0,0.0,1.0,0.0,0.0,0.0,0.0,0.0,0.0,-1.0,-1.0,0.0,1.0,1.0,0.0,0.0,0.0,0.0,0.0,0.0,0.0,0.0,0.0,0.0,0.0,0.0,0.0,0.0,1.0,1.0,0.0,0.0,0.0,1.0,-1.0,-2.0,-1.0,1.0,2.0,-1.0,0.0,1.0,0.0,0.0,0.0,0.0,0.0,0.0,0.0,0.0,0.0,0.0,0.0,0.0,0.0,0.0,0.0,0.0,0.0,0.0,0.0,0.0,0.0,-1.0,0.0,1.0,1.0,0.0,-1.0,1.0,0.0,-1.0,0.0,0.0,0.0,-1.0,1.0,2.0,1.0,0.0,-1.0,0.0,0.0,0.0,0.0,-1.0,-1.0,0.0,0.0,0.0,-1.0,0.0,1.0,0.0,0.0,0.0,0.0,0.0,0.0,0.0,0.0,0.0
Vitamins &amp,,,,,,,,,,,,,,,,,,,,,,,,,,,,,,,,,,,,,,,,,,,,,,,,,,,,,,,,,,,,,,,,,,,,,,,,,,,,,,,,,,,,,,,,,,,,,,,,,,,,,,,,,,,,,,,,,,,,,,,,,,,
Porphyrin and chlorophyll metabolism,,,,,,,,,,,,,,,,,,,,,,,,,,,,,,,,,,,,,,,,,,,,,,,,,,,,,,,,,,,,,,,,,,,,,,,,,,,,,,,,,,,,,,,,,,,,,,,,,,,,,,,,,,,,,,,,,,,,,,,,,,,
Nucleotide Metabolism,1.0,1.0,0.0,1.0,1.0,0.0,1.0,1.0,0.0,1.0,1.0,0.0,1.0,1.0,0.0,0.8895508870832337,1.0,0.11044911291676629,1.0,1.0,0.0,1.0,1.0,0.0,1.0,1.0,0.0,1.0,1.0,0.0,1.0,1.0,0.0,1.0,1.0,0.0,1.0,1.0,0.0,1.0,1.0,0.0,1.0,1.0,0.0,1.0,1.0,0.0,1.0,1.0,0.0,1.0,1.0,0.0,1.0,1.0,0.0,1.0,1.0,0.0,1.0,1.0,0.0,1.0,1.0,0.0,1.0,1.0,0.0,1.0,1.0,0.0,1.0,0.0,-1.0,1.0,1.0,0.0,1.0,1.0,0.0,1.0,1.0,0.0,1.0,1.0,0.0,1.0,1.0,0.0,1.0,1.0,0.0,1.0,1.0,0.0,1.0,1.0,0.0,1.0,1.0,0.0,1.0,1.0,0.0,1.0,1.0,0.0,1.0,1.0,0.0,1.0,1.0,0.0,1.0,1.0,0.0,1.0,1.0,0.0,1.0,1.0,0.0
Fatty Acid Synthesis,,,,,,,,,,,,,,,,,,,,,,,,,,,,,,,,,,,,,,,,,,,,,,,,,,,,,,,,,,,,,,,,,,,,,,,,,,,,,,,,,,,,,,,,,,,,,,,,,,,,,,,,,,,,,,,,,,,,,,,,,,,
Cysteine Metabolism,-0.22639487700820674,1.0,1.2263948770082067,-0.22639487700820685,1.0,1.226394877008207,-0.22639487700820676,1.0,1.2263948770082067,-0.22639487700820676,1.0,1.2263948770082067,-1.0,1.0,2.0,1.0,1.0,0.0,-0.22639487700820685,1.0,1.226394877008207,-1.0,1.0,2.0,-0.22639487700820676,1.0,1.2263948770082067,-0.22639487700820685,1.0,1.226394877008207,-1.0,1.0,2.0,-1.0,1.0,2.0,-1.0,1.0,2.0,-0.22639487700820676,1.0,1.2263948770082067,-0.22639487700820685,1.0,1.226394877008207,-0.22639487700820685,1.0,1.226394877008207,-1.0,1.0,2.0,-0.22639487700820676,1.0,1.2263948770082067,-1.0,1.0,2.0,-1.0,1.0,2.0,-1.0,1.0,2.0,-0.22639487700820674,1.0,1.2263948770082067,-0.22639487700820676,1.0,1.2263948770082067,-1.0,1.0,2.0,-0.22639487700820668,1.0,1.2263948770082067,-0.22639487700820676,1.0,1.2263948770082067,-0.22639487700820676,1.0,1.2263948770082067,-0.22639487700820685,1.0,1.226394877008207,-0.22639487700820685,1.0,1.226394877008207,-1.0,1.0,2.0,-0.22639487700820676,1.0,1.2263948770082067,-0.22639487700820676,1.0,1.2263948770082067,-1.0,1.0,2.0,-0.22639487700820676,1.0,1.2263948770082067,-1.0,1.0,2.0,-1.0,1.0,2.0,-0.22639487700820676,1.0,1.2263948770082067,-0.22639487700820685,1.0,1.226394877008207,-0.22639487700820676,1.0,1.2263948770082067,-0.22639487700820676,1.0,1.2263948770082067,-0.22639487700820676,1.0,1.2263948770082067
Murein Recycling,-1.0,-0.04432286351335136,0.9556771364866486,-0.9556771837905684,1.0,1.9556771837905684,0.17825759162177388,0.0,-0.17825759162177388,-0.3159114704957277,0.0,0.3159114704957277,0.2904731318326338,0.0,-0.2904731318326338,1.0,1.0,0.0,0.8148755136667123,0.0,-0.8148755136667123,0.5022557950428718,0.42857142857142866,-0.07368436647144311,0.9997607736651498,0.0,-0.9997607736651498,1.0,0.0,-1.0,-0.3502316654014515,-1.0,-0.6497683345985485,-1.0,0.0,1.0,0.41545518915076063,0.0,-0.41545518915076063,0.5825082128017424,0.0,-0.5825082128017424,-1.0,0.0,1.0,-0.9997407429733024,0.0,0.9997407429733024,0.0,0.0,0.0,0.27109449283995535,0.0,-0.27109449283995535,-0.5285416543959786,0.0,0.5285416543959786,-0.7142927962318414,0.0,0.7142927962318414,-0.9999746870203504,0.0,0.9999746870203504,0.0,0.0,0.0,0.4394778292366973,0.9718633636820383,0.532385534445341,0.9051308681342394,0.0,-0.9051308681342394,-0.3825968507879603,0.0,0.3825968507879603,0.9999973063496009,0.0,-0.9999973063496009,0.6068007955264336,0.0,-0.6068007955264336,0.6678960145092041,0.0,-0.6678960145092041,-0.999998752684764,0.0,0.999998752684764,-0.6837837647205178,0.0,0.6837837647205178,-0.7138534529903373,0.0,0.7138534529903373,0.5924571730030705,0.0,-0.5924571730030705,-0.6578171835975365,0.0,0.6578171835975365,0.0,1.0,1.0,0.42707148945413587,0.0,-0.42707148945413587,0.42707148945413587,1.0,0.5729285105458641,-0.9999898994432813,-1.0,-1.010055671868404e-05,-0.999998752684764,0.0,0.999998752684764,-1.0,0.0,1.0,-1.0,0.0,1.0,0.9999400230859489,0.0,-0.9999400230859489
Purine Metabolism,,,,,,,,,,,,,,,,,,,,,,,,,,,,,,,,,,,,,,,,,,,,,,,,,,,,,,,,,,,,,,,,,,,,,,,,,,,,,,,,,,,,,,,,,,,,,,,,,,,,,,,,,,,,,,,,,,,,,,,,,,,
Pyruvate Metabolism,1.0,1.0,0.0,0.0,1.0,1.0,1.0,1.0,0.0,1.0,1.0,0.0,0.0,1.0,1.0,0.07983825948995184,1.0,0.9201617405100482,0.0,1.0,1.0,0.0,1.0,1.0,1.0,1.0,0.0,1.0,1.0,0.0,0.0,1.0,1.0,0.0,1.0,1.0,1.0,1.0,0.0,1.0,1.0,0.0,1.0,1.0,0.0,0.0,1.0,1.0,1.0,1.0,0.0,1.0,1.0,0.0,0.0,1.0,1.0,0.0,1.0,1.0,1.0,1.0,0.0,0.0,1.0,1.0,1.0,1.0,0.0,0.0,1.0,1.0,1.0,1.0,0.0,1.0,1.0,0.0,1.0,1.0,0.0,1.0,1.0,0.0,0.0,1.0,1.0,1.0,1.0,0.0,1.0,1.0,0.0,1.0,1.0,0.0,0.0,1.0,1.0,0.0,1.0,1.0,0.0,1.0,1.0,0.0,1.0,1.0,1.0,1.0,0.0,0.0,1.0,1.0,0.0,1.0,1.0,0.0,1.0,1.0,1.0,1.0,0.0
NAD Metabolism,,,,,,,,,,,,,,,,,,,,,,,,,,,,,,,,,,,,,,,,,,,,,,,,,,,,,,,,,,,,,,,,,,,,,,,,,,,,,,,,,,,,,,,,,,,,,,,,,,,,,,,,,,,,,,,,,,,,,,,,,,,
Murein Biosynthesis,-0.3108816509502437,-0.20664638211861866,0.10423526883162507,-1.0,0.999999988719843,1.999999988719843,-1.0,0.0,1.0,-1.0,0.0,1.0,-0.5841882994954529,0.0,0.5841882994954529,1.0,1.0,0.0,0.6063070187399686,0.0,-0.6063070187399686,0.9652662284725226,0.5,-0.46526622847252264,-1.0,0.0,1.0,-0.2802240926211849,0.0,0.2802240926211849,1.0,0.0,-1.0,-1.0,0.0,1.0,0.6356730736011474,0.0,-0.6356730736011474,1.0,0.0,-1.0,-1.0,0.0,1.0,-0.6930554708799427,0.0,0.6930554708799427,1.0,0.0,-1.0,1.0,0.0,-1.0,-0.9999977999712629,0.0,0.9999977999712629,0.587881067902912,0.0,-0.587881067902912,0.836777502898844,0.0,-0.836777502898844,0.0,0.0,0.0,-1.0,0.9999999948880783,1.9999999948880784,-0.38155000616596685,0.0,0.38155000616596685,0.24840882560962382,0.0,-0.24840882560962382,0.8118245356665897,0.0,-0.8118245356665897,1.0,0.0,-1.0,0.6192944049659964,0.0,-0.6192944049659964,0.0,0.0,0.0,-0.9999944251393468,0.0,0.9999944251393468,-1.0,0.0,1.0,0.8118245356665897,0.0,-0.8118245356665897,0.06668574626181566,0.0,-0.06668574626181566,0.0,1.0,1.0,0.996296583022227,0.0,-0.996296583022227,0.996296583022227,0.0,-0.996296583022227,-1.0,1.0,2.0,0.0,0.0,0.0,-1.0,0.0,1.0,-1.0,0.0,1.0,1.0,0.0,-1.0
"Glycine, serine and threonine metabolism",,,,,,,,,,,,,,,,,,,,,,,,,,,,,,,,,,,,,,,,,,,,,,,,,,,,,,,,,,,,,,,,,,,,,,,,,,,,,,,,,,,,,,,,,,,,,,,,,,,,,,,,,,,,,,,,,,,,,,,,,,,
Pentose Phosphate Pathway,0.991312104107769,1.0,0.008687895892230957,0.9908786570976437,1.0,0.009121342902356333,0.9881434994383447,1.0,0.011856500561655325,0.9881848121034568,1.0,0.011815187896543233,0.9320379717942883,1.0,0.06796202820571173,0.8876610297570229,1.0,0.11233897024297712,0.9827798983270322,1.0,0.017220101672967836,0.9320379717942883,1.0,0.06796202820571173,0.9881434994383447,1.0,0.011856500561655325,0.9908940513144562,1.0,0.009105948685543819,0.9320379717942883,1.0,0.06796202820571173,0.9881090542474086,1.0,0.01189094575259142,0.9781086153448333,1.0,0.021891384655166712,0.9881434994383447,1.0,0.011856500561655325,0.9929203943445302,1.0,0.007079605655469834,0.992903317326881,1.0,0.007096682673119026,0.9781086153448333,1.0,0.021891384655166712,0.9881434994383447,1.0,0.011856500561655325,0.9320379717942883,1.0,0.06796202820571173,0.9320379717942883,1.0,0.06796202820571173,0.9873841329374694,1.0,0.012615867062530595,0.9929081182831939,1.0,0.007091881716806081,0.9913120943221204,1.0,0.008687905677879582,0.9320379717942883,1.0,0.06796202820571173,0.9794523668094669,1.0,0.0205476331905331,0.9881434994383447,1.0,0.011856500561655325,0.9881434994383447,1.0,0.011856500561655325,0.9864753461180038,1.0,0.013524653881996196,0.957562149333474,1.0,0.042437850666525945,0.9781086153448333,1.0,0.021891384655166712,0.9875566851078705,1.0,0.012443314892129465,0.9881434994383447,1.0,0.011856500561655325,0.9320379717942883,1.0,0.06796202820571173,0.9938511836228541,1.0,0.006148816377145927,0.9320379717942883,1.0,0.06796202820571173,0.9320379717942883,1.0,0.06796202820571173,0.9908939864950183,1.0,0.009106013504981747,0.957562149333474,1.0,0.042437850666525945,0.9733532350833137,1.0,0.026646764916686272,0.9827800067621464,1.0,0.017219993237853615,0.9752182129432183,1.0,0.02478178705678169
Fatty Acid Metabolism,,,,,,,,,,,,,,,,,,,,,,,,,,,,,,,,,,,,,,,,,,,,,,,,,,,,,,,,,,,,,,,,,,,,,,,,,,,,,,,,,,,,,,,,,,,,,,,,,,,,,,,,,,,,,,,,,,,,,,,,,,,
Starch and Sucrose Metabolism,,,,,,,,,,,,,,,,,,,,,,,,,,,,,,,,,,,,,,,,,,,,,,,,,,,,,,,,,,,,,,,,,,,,,,,,,,,,,,,,,,,,,,,,,,,,,,,,,,,,,,,,,,,,,,,,,,,,,,,,,,,
Transport,1.0,0.0,-1.0,0.0,0.0,0.0,0.0,0.0,0.0,0.0,0.0,0.0,-1.0,0.0,1.0,0.0,1.0,1.0,0.0,0.0,0.0,0.0,0.0,0.0,0.0,0.0,0.0,-0.9752154338750624,0.0,0.9752154338750624,0.0,0.0,0.0,0.0,0.0,0.0,0.0,1.0,1.0,0.0,0.0,0.0,0.0,0.0,0.0,0.0,0.0,0.0,0.0,0.0,0.0,0.0,0.0,0.0,-1.0,0.0,1.0,0.0,-1.0,-1.0,1.0,0.0,-1.0,0.0,0.0,0.0,0.0,0.0,0.0,0.0,0.0,0.0,0.0,0.0,0.0,-1.0,0.0,1.0,-1.0,0.0,1.0,0.0,0.0,0.0,0.0,0.0,0.0,0.0,1.0,1.0,0.0,0.0,0.0,-1.0,0.0,1.0,0.0,0.0,0.0,,,,-1.0,0.0,1.0,-1.0,-1.0,0.0,0.0,0.0,0.0,0.0,0.0,0.0,,,,0.0,0.0,0.0,1.0,1.0,0.0
Biosynthesis of siderophore group nonribosomal peptides,,,,,,,,,,,,,,,,,,,,,,,,,,,,,,,,,,,,,,,,,,,,,,,,,,,,,,,,,,,,,,,,,,,,,,,,,,,,,,,,,,,,,,,,,,,,,,,,,,,,,,,,,,,,,,,,,,,,,,,,,,,
Nitrite Metabolism,,,,,,,,,,,,,,,,,,,,,,,,,,,,,,,,,,,,,,,,,,,,,,,,,,,,,,,,,,,,,,,,,,,,,,,,,,,,,,,,,,,,,,,,,,,,,,,,,,,,,,,,,,,,,,,,,,,,,,,,,,,
Nitrogen Metabolism,1.0,1.0,0.0,1.0,1.0,0.0,1.0,1.0,0.0,1.0,1.0,0.0,1.0,1.0,0.0,1.0,1.0,0.0,1.0,1.0,0.0,1.0,1.0,0.0,1.0,1.0,0.0,1.0,1.0,0.0,1.0,1.0,0.0,1.0,1.0,0.0,1.0,1.0,0.0,1.0,1.0,0.0,1.0,1.0,0.0,1.0,1.0,0.0,1.0,1.0,0.0,1.0,1.0,0.0,1.0,1.0,0.0,1.0,1.0,0.0,1.0,1.0,0.0,1.0,1.0,0.0,1.0,1.0,0.0,1.0,1.0,0.0,1.0,1.0,0.0,1.0,1.0,0.0,1.0,1.0,0.0,1.0,1.0,0.0,1.0,1.0,0.0,1.0,1.0,0.0,1.0,1.0,0.0,1.0,1.0,0.0,1.0,1.0,0.0,1.0,1.0,0.0,1.0,1.0,0.0,1.0,1.0,0.0,1.0,1.0,0.0,1.0,1.0,0.0,1.0,1.0,0.0,1.0,1.0,0.0,1.0,1.0,0.0
Alginate biosynthesis,,,,,,,,,,,,,,,,,,,,,,,,,,,,,,,,,,,,,,,,,,,,,,,,,,,,,,,,,,,,,,,,,,,,,,,,,,,,,,,,,,,,,,,,,,,,,,,,,,,,,,,,,,,,,,,,,,,,,,,,,,,
Sulfur metabolism,,,,,,,,,,,,,,,,,,,,,,,,,,,,,,,,,,,,,,,,,,,,,,,,,,,,,,,,,,,,,,,,,,,,,,,,,,,,,,,,,,,,,,,,,,,,,,,,,,,,,,,,,,,,,,,,,,,,,,,,,,,
Cofactor and Prosthetic Group Metabolism,1.0,1.0,0.0,-1.0,1.0,2.0,1.0,1.0,0.0,-1.0,1.0,2.0,1.0,1.0,0.0,1.0,1.0,0.0,1.0,1.0,0.0,1.0,1.0,0.0,1.0,0.0,-1.0,1.0,1.0,0.0,1.0,1.0,0.0,-1.0,1.0,2.0,1.0,1.0,0.0,1.0,0.0,-1.0,1.0,1.0,0.0,0.0,1.0,1.0,1.0,1.0,0.0,1.0,1.0,0.0,1.0,1.0,0.0,1.0,1.0,0.0,1.0,1.0,0.0,0.0,1.0,1.0,1.0,1.0,0.0,1.0,1.0,0.0,1.0,1.0,0.0,1.0,1.0,0.0,1.0,1.0,0.0,1.0,1.0,0.0,1.0,1.0,0.0,1.0,1.0,0.0,-1.0,1.0,2.0,1.0,1.0,0.0,1.0,1.0,0.0,0.0,1.0,1.0,1.0,1.0,0.0,1.0,1.0,0.0,-1.0,1.0,2.0,1.0,1.0,0.0,1.0,1.0,0.0,0.0,1.0,1.0,1.0,1.0,0.0
Threonine and Lysine Metabolism,0.3057140924145887,1.0,0.6942859075854113,0.3057140924145887,1.0,0.6942859075854113,0.3057140924145887,1.0,0.6942859075854113,0.3057140924145887,1.0,0.6942859075854113,0.3057140924145887,1.0,0.6942859075854113,0.14230045870457267,1.0,0.8576995412954274,0.3057140924145887,1.0,0.6942859075854113,0.3057140924145887,1.0,0.6942859075854113,0.3057140924145887,1.0,0.6942859075854113,0.3057140924145887,1.0,0.6942859075854113,0.3057140924145887,1.0,0.6942859075854113,0.3057140924145887,1.0,0.6942859075854113,0.3057140924145887,1.0,0.6942859075854113,0.3057140924145887,1.0,0.6942859075854113,0.3057140924145888,1.0,0.6942859075854112,0.3057140924145887,1.0,0.6942859075854113,0.3057140924145887,1.0,0.6942859075854113,0.3057140924145887,1.0,0.6942859075854113,0.3057140924145887,1.0,0.6942859075854113,0.3057140924145887,1.0,0.6942859075854113,0.30571409241458875,1.0,0.6942859075854113,0.30571409241458875,1.0,0.6942859075854113,0.3057140924145888,1.0,0.6942859075854112,0.3057140924145887,1.0,0.6942859075854113,0.3057140924145887,1.0,0.6942859075854113,0.3057140924145887,1.0,0.6942859075854113,0.3057140924145887,1.0,0.6942859075854113,0.3057140924145887,1.0,0.6942859075854113,0.3057140924145887,1.0,0.6942859075854113,0.3057140924145887,1.0,0.6942859075854113,0.3057140924145887,1.0,0.6942859075854113,0.3057140924145887,1.0,0.6942859075854113,0.3057140924145887,1.0,0.6942859075854113,0.3057140924145887,1.0,0.6942859075854113,0.3057140924145887,1.0,0.6942859075854113,0.3057140924145887,1.0,0.6942859075854113,0.3057140924145887,1.0,0.6942859075854113,0.3057140924145887,1.0,0.6942859075854113,0.3057140924145887,1.0,0.6942859075854113,0.3057140924145888,1.0,0.6942859075854112,0.3057140924145887,1.0,0.6942859075854113
Inorganic Ion Transport and Metabolism,1.0,1.0,0.0,1.0,1.0,0.0,1.0,1.0,0.0,1.0,1.0,0.0,1.0,1.0,0.0,0.9997499159680039,1.0,0.00025008403199611173,1.0,1.0,0.0,1.0,1.0,0.0,1.0,1.0,0.0,1.0,1.0,0.0,1.0,1.0,0.0,1.0,1.0,0.0,1.0,1.0,0.0,1.0,1.0,0.0,1.0,1.0,0.0,1.0,1.0,0.0,1.0,1.0,0.0,1.0,1.0,0.0,1.0,1.0,0.0,1.0,1.0,0.0,1.0,1.0,0.0,1.0,1.0,0.0,1.0,1.0,0.0,1.0,1.0,0.0,1.0,1.0,0.0,1.0,1.0,0.0,1.0,1.0,0.0,1.0,1.0,0.0,1.0,1.0,0.0,1.0,1.0,0.0,1.0,1.0,0.0,1.0,1.0,0.0,1.0,1.0,0.0,1.0,1.0,0.0,1.0,1.0,0.0,1.0,1.0,0.0,1.0,1.0,0.0,1.0,1.0,0.0,1.0,1.0,0.0,1.0,1.0,0.0,1.0,1.0,0.0
Methylglyoxal Metabolism,0.0,0.0,0.0,0.0,0.0,0.0,0.0,0.0,0.0,0.0,0.0,0.0,0.0,0.0,0.0,0.0,0.3175528060452695,0.3175528060452695,-1.0,0.0,1.0,0.0,-1.0,-1.0,0.0,0.0,0.0,0.0,0.0,0.0,0.0,-1.0,-1.0,0.0,0.0,0.0,0.0,0.0,0.0,0.0,0.0,0.0,1.0,0.0,-1.0,0.0,0.0,0.0,0.0,-1.0,-1.0,0.0,0.0,0.0,0.0,1.0,1.0,0.0,0.0,0.0,0.0,0.0,0.0,1.0,0.0,-1.0,0.0,0.0,0.0,0.0,0.0,0.0,0.0,0.0,0.0,0.0,0.0,0.0,0.0,0.0,0.0,0.0,0.0,0.0,0.0,0.0,0.0,0.0,0.0,0.0,0.0,0.0,0.0,0.0,0.0,0.0,1.0,0.0,-1.0,0.0,0.0,0.0,0.0,0.0,0.0,0.0,0.0,0.0,0.0,0.0,0.0,0.0,0.0,0.0,0.0,0.0,0.0,0.0,0.0,0.0,0.0,0.0,0.0
Ubiquinone biosynthesis,,,,,,,,,,,,,,,,,,,,,,,,,,,,,,,,,,,,,,,,,,,,,,,,,,,,,,,,,,,,,,,,,,,,,,,,,,,,,,,,,,,,,,,,,,,,,,,,,,,,,,,,,,,,,,,,,,,,,,,,,,,
Iron uptake and metabolism,,,,,,,,,,,,,,,,,,,,,,,,,,,,,,,,,,,,,,,,,,,,,,,,,,,,,,,,,,,,,,,,,,,,,,,,,,,,,,,,,,,,,,,,,,,,,,,,,,,,,,,,,,,,,,,,,,,,,,,,,,,
Fructose and mannose metabolism,,,,,,,,,,,,,,,,,,,,,,,,,,,,,,,,,,,,,,,,,,,,,,,,,,,,,,,,,,,,,,,,,,,,,,,,,,,,,,,,,,,,,,,,,,,,,,,,,,,,,,,,,,,,,,,,,,,,,,,,,,,
Amine and Polyamine Metabolism,,,,,,,,,,,,,,,,,,,,,,,,,,,,,,,,,,,,,,,,,,,,,,,,,,,,,,,,,,,,,,,,,,,,,,,,,,,,,,,,,,,,,,,,,,,,,,,,,,,,,,,,,,,,,,,,,,,,,,,,,,,
Pyrimidine Metabolism,,,,,,,,,,,,,,,,,,,,,,,,,,,,,,,,,,,,,,,,,,,,,,,,,,,,,,,,,,,,,,,,,,,,,,,,,,,,,,,,,,,,,,,,,,,,,,,,,,,,,,,,,,,,,,,,,,,,,,,,,,,
Anaplerotic Reactions,1.0,1.0,0.0,1.0,1.0,0.0,1.0,1.0,0.0,1.0,1.0,0.0,1.0,1.0,0.0,1.0,1.0,0.0,1.0,1.0,0.0,1.0,1.0,0.0,1.0,1.0,0.0,1.0,1.0,0.0,1.0,1.0,0.0,1.0,1.0,0.0,1.0,1.0,0.0,1.0,1.0,0.0,1.0,1.0,0.0,1.0,1.0,0.0,1.0,1.0,0.0,1.0,1.0,0.0,1.0,1.0,0.0,1.0,1.0,0.0,1.0,1.0,0.0,1.0,1.0,0.0,1.0,1.0,0.0,1.0,1.0,0.0,1.0,1.0,0.0,1.0,1.0,0.0,1.0,1.0,0.0,1.0,1.0,0.0,1.0,1.0,0.0,1.0,1.0,0.0,1.0,1.0,0.0,1.0,1.0,0.0,1.0,1.0,0.0,1.0,1.0,0.0,1.0,1.0,0.0,1.0,1.0,0.0,1.0,1.0,0.0,1.0,1.0,0.0,1.0,1.0,0.0,1.0,1.0,0.0,1.0,1.0,0.0
Propanoate metabolism,,,,,,,,,,,,,,,,,,,,,,,,,,,,,,,,,,,,,,,,,,,,,,,,,,,,,,,,,,,,,,,,,,,,,,,,,,,,,,,,,,,,,,,,,,,,,,,,,,,,,,,,,,,,,,,,,,,,,,,,,,,
"Transport, Outer Membrane",1.0,1.0,0.0,0.0,0.0,0.0,0.0,0.0,0.0,0.0,0.0,0.0,1.0,0.0,-1.0,1.0,-0.10262139561157835,-1.1026213956115782,0.0,0.0,0.0,1.0,0.0,-1.0,0.0,-1.0,-1.0,0.0,0.0,0.0,1.0,0.0,-1.0,0.0,0.0,0.0,1.0,0.0,-1.0,0.0,0.0,0.0,0.0,0.0,0.0,0.0,0.0,0.0,1.0,0.0,-1.0,0.0,0.0,0.0,1.0,1.0,0.0,1.0,0.0,-1.0,0.0,0.0,0.0,1.0,0.0,-1.0,0.0,0.0,0.0,0.0,0.0,0.0,0.0,0.0,0.0,0.0,-1.0,-1.0,0.0,0.0,0.0,0.36829697066677586,-1.0,-1.3682969706667758,0.0,-1.0,-1.0,1.0,0.0,-1.0,0.0,1.0,1.0,0.0,0.0,0.0,1.0,0.0,-1.0,1.0,0.0,-1.0,1.0,0.0,-1.0,1.0,1.0,0.0,0.0,1.0,1.0,0.0,0.0,0.0,1.0,1.0,0.0,0.0,0.9994385456203569,0.9994385456203569,1.0,-1.0,-2.0
Aromatic Compound Degradation,,,,,,,,,,,,,,,,,,,,,,,,,,,,,,,,,,,,,,,,,,,,,,,,,,,,,,,,,,,,,,,,,,,,,,,,,,,,,,,,,,,,,,,,,,,,,,,,,,,,,,,,,,,,,,,,,,,,,,,,,,,
Cofactor and Prosthetic Group Biosynthesis Feclustermetabolism,,,,,,,,,,,,,,,,,,,,,,,,,,,,,,,,,,,,,,,,,,,,,,,,,,,,,,,,,,,,,,,,,,,,,,,,,,,,,,,,,,,,,,,,,,,,,,,,,,,,,,,,,,,,,,,,,,,,,,,,,,,
Cofactor and Prosthetic Group Biosynthesis Folate Biosynthesis,,,,,,,,,,,,,,,,,,,,,,,,,,,,,,,,,,,,,,,,,,,,,,,,,,,,,,,,,,,,,,,,,,,,,,,,,,,,,,,,,,,,,,,,,,,,,,,,,,,,,,,,,,,,,,,,,,,,,,,,,,,
Unassigned,1.0,0.9999999999999755,-2.453592884421596e-14,1.0,1.0,0.0,1.0,1.0,0.0,1.0,1.0,0.0,1.0,1.0,0.0,1.0,1.0,0.0,1.0,1.0,0.0,1.0,1.0,0.0,1.0,1.0,0.0,1.0,1.0,0.0,1.0,1.0,0.0,1.0,1.0,0.0,1.0,1.0,0.0,1.0,1.0,0.0,1.0,1.0,0.0,1.0,1.0,0.0,1.0,1.0,0.0,1.0,1.0,0.0,1.0,1.0,0.0,1.0,1.0,0.0,1.0,1.0,0.0,1.0,1.0,0.0,1.0,1.0,0.0,1.0,1.0,0.0,1.0,1.0,0.0,1.0,1.0,0.0,1.0,1.0,0.0,1.0,1.0,0.0,1.0,1.0,0.0,1.0,1.0,0.0,1.0,1.0,0.0,1.0,1.0,0.0,1.0,1.0,0.0,1.0,1.0,0.0,1.0,1.0,0.0,1.0,1.0,0.0,1.0,1.0,0.0,1.0,0.9999999999998371,-1.6286971771251046e-13,1.0,1.0,0.0,1.0,1.0,0.0,1.0,1.0,0.0
Phosphonate and phosphinate metabolism,,,,,,,,,,,,,,,,,,,,,,,,,,,,,,,,,,,,,,,,,,,,,,,,,,,,,,,,,,,,,,,,,,,,,,,,,,,,,,,,,,,,,,,,,,,,,,,,,,,,,,,,,,,,,,,,,,,,,,,,,,,
Riboflavin metabolism,,,,,,,,,,,,,,,,,,,,,,,,,,,,,,,,,,,,,,,,,,,,,,,,,,,,,,,,,,,,,,,,,,,,,,,,,,,,,,,,,,,,,,,,,,,,,,,,,,,,,,,,,,,,,,,,,,,,,,,,,,,
Lipopolysaccharide Biosynthesis / Recycling,1.0,1.0,0.0,1.0,-1.0,-2.0,1.0,0.0,-1.0,1.0,1.0,0.0,1.0,0.0,-1.0,1.0,1.0,0.0,1.0,0.0,-1.0,1.0,-1.0,-2.0,1.0,0.0,-1.0,1.0,0.0,-1.0,1.0,-1.0,-2.0,1.0,0.0,-1.0,1.0,0.0,-1.0,1.0,0.0,-1.0,1.0,0.0,-1.0,1.0,0.0,-1.0,1.0,-1.0,-2.0,1.0,0.0,-1.0,1.0,0.0,-1.0,1.0,0.0,-1.0,1.0,0.0,-1.0,1.0,0.0,-1.0,1.0,-1.0,-2.0,1.0,0.0,-1.0,1.0,0.0,-1.0,1.0,0.0,-1.0,1.0,0.0,-1.0,1.0,0.0,-1.0,1.0,0.0,-1.0,1.0,0.0,-1.0,1.0,0.0,-1.0,1.0,0.0,-1.0,1.0,0.0,-1.0,1.0,-1.0,-2.0,1.0,0.0,-1.0,1.0,-1.0,-2.0,1.0,-1.0,-2.0,1.0,0.0,-1.0,1.0,0.0,-1.0,1.0,0.0,-1.0,1.0,0.0,-1.0
Quorum sensing,,,,,,,,,,,,,,,,,,,,,,,,,,,,,,,,,,,,,,,,,,,,,,,,,,,,,,,,,,,,,,,,,,,,,,,,,,,,,,,,,,,,,,,,,,,,,,,,,,,,,,,,,,,,,,,,,,,,,,,,,,,
Glycolysis,,,,,,,,,,,,,,,,,,,,,,,,,,,,,,,,,,,,,,,,,,,,,,,,,,,,,,,,,,,,,,,,,,,,,,,,,,,,,,,,,,,,,,,,,,,,,,,,,,,,,,,,,,,,,,,,,,,,,,,,,,,
Cofactor and Prosthetic Group Biosynthesis Ubiquinone biosynthesis,,,,,,,,,,,,,,,,,,,,,,,,,,,,,,,,,,,,,,,,,,,,,,,,,,,,,,,,,,,,,,,,,,,,,,,,,,,,,,,,,,,,,,,,,,,,,,,,,,,,,,,,,,,,,,,,,,,,,,,,,,,
Glyoxylate Metabolism,1.0,-1.0,-2.0,0.0,0.0,0.0,0.0,0.0,0.0,0.0,1.0,1.0,-1.0,0.0,1.0,0.0,0.0,0.0,0.0,0.0,0.0,0.0,0.0,0.0,0.0,1.0,1.0,-1.0,0.0,1.0,0.0,0.0,0.0,0.0,0.0,0.0,1.0,0.0,-1.0,-1.0,0.0,1.0,0.0,0.0,0.0,0.0,1.0,1.0,0.0,0.0,0.0,0.0,0.0,0.0,0.0,0.0,0.0,1.0,0.0,-1.0,-1.0,0.0,1.0,0.0,0.0,0.0,0.0,0.0,0.0,1.0,0.0,-1.0,-1.0,1.0,2.0,1.0,0.0,-1.0,0.0,0.0,0.0,-1.0,0.0,1.0,0.0,0.0,0.0,0.0,0.0,0.0,0.0,0.0,0.0,0.0,0.0,0.0,1.0,0.0,-1.0,0.0,0.0,0.0,0.0,0.0,0.0,0.0,0.0,0.0,0.0,0.0,0.0,0.0,0.0,0.0,,,,-1.0,0.0,1.0,0.0,0.0,0.0
Glycolysis/Gluconeogenesis,0.33459462742970375,1.0,0.6654053725702962,0.33465706140450474,1.0,0.6653429385954952,0.19180948515629345,1.0,0.8081905148437065,0.19183958107758955,1.0,0.8081604189224104,0.20360316873469755,1.0,0.7963968312653025,0.9693215383779371,1.0,0.03067846162206289,0.3358553746485583,1.0,0.6641446253514417,0.20360316873469755,1.0,0.7963968312653025,0.19180948515629345,1.0,0.8081905148437065,0.3346548061892223,1.0,0.6653451938107777,0.20360316873469755,1.0,0.7963968312653025,0.1917843833515551,1.0,0.8082156166484449,0.26872516252847095,1.0,0.731274837471529,0.19180948515629345,1.0,0.8081905148437065,0.3343584010690846,1.0,0.6656415989309155,0.33436072249589605,1.0,0.665639277504104,0.26872516252847095,1.0,0.731274837471529,0.19180948515629345,1.0,0.8081905148437065,0.20360316873469755,1.0,0.7963968312653025,0.20360316873469755,1.0,0.7963968312653025,-0.002280297985261186,1.0,1.0022802979852612,0.3343601926904463,1.0,0.6656398073095537,0.3345946288654818,1.0,0.6654053711345183,0.20360316873469755,1.0,0.7963968312653025,0.16362833064892535,1.0,0.8363716693510747,0.19180948515629345,1.0,0.8081905148437065,0.19180948515629345,1.0,0.8081905148437065,0.20701536379773028,1.0,0.7929846362022697,0.33973198374050145,1.0,0.6602680162594985,0.26872516252847095,1.0,0.731274837471529,-0.0022495790978994752,1.0,1.0022495790978996,0.19180948515629345,1.0,0.8081905148437065,0.20360316873469755,1.0,0.7963968312653025,0.3342227013207647,1.0,0.6657772986792353,0.20360316873469755,1.0,0.7963968312653025,0.20360316873469755,1.0,0.7963968312653025,0.33465481569232874,1.0,0.6653451843076712,0.33973198374050145,1.0,0.6602680162594985,0.1834308349460744,1.0,0.8165691650539256,0.33585535845668624,1.0,0.6641446415433138,0.24564525311541768,1.0,0.7543547468845824
Benzoate degradation,,,,,,,,,,,,,,,,,,,,,,,,,,,,,,,,,,,,,,,,,,,,,,,,,,,,,,,,,,,,,,,,,,,,,,,,,,,,,,,,,,,,,,,,,,,,,,,,,,,,,,,,,,,,,,,,,,,,,,,,,,,
Histidine Metabolism,1.0,1.0,0.0,1.0,1.0,0.0,1.0,1.0,0.0,1.0,1.0,0.0,1.0,1.0,0.0,1.0,1.0,0.0,1.0,1.0,0.0,1.0,1.0,0.0,1.0,1.0,0.0,1.0,1.0,0.0,1.0,1.0,0.0,1.0,1.0,0.0,1.0,1.0,0.0,1.0,1.0,0.0,1.0,1.0,0.0,1.0,1.0,0.0,1.0,1.0,0.0,1.0,1.0,0.0,1.0,1.0,0.0,1.0,1.0,0.0,1.0,1.0,0.0,1.0,1.0,0.0,1.0,1.0,0.0,1.0,1.0,0.0,1.0,1.0,0.0,1.0,1.0,0.0,1.0,1.0,0.0,1.0,1.0,0.0,1.0,1.0,0.0,1.0,1.0,0.0,1.0,1.0,0.0,1.0,1.0,0.0,1.0,1.0,0.0,1.0,1.0,0.0,1.0,1.0,0.0,1.0,1.0,0.0,1.0,1.0,0.0,1.0,1.0,0.0,1.0,1.0,0.0,1.0,1.0,0.0,1.0,1.0,0.0
Propanoate Metabolism,,,,,,,,,,,,,,,,,,,,,,,,,,,,,,,,,,,,,,,,,,,,,,,,,,,,,,,,,,,,,,,,,,,,,,,,,,,,,,,,,,,,,,,,,,,,,,,,,,,,,,,,,,,,,,,,,,,,,,,,,,,
Alanine and Aspartate Metabolism,-0.8423941410244224,1.0,1.8423941410244224,-0.8423941410244224,1.0,1.8423941410244224,-0.8423941410244224,1.0,1.8423941410244224,-0.8423941410244224,1.0,1.8423941410244224,-0.8423941410244223,1.0,1.8423941410244224,-1.1147604177275954e-06,1.0,1.0000011147604178,-0.8423941410244224,1.0,1.8423941410244224,-0.8423941410244223,1.0,1.8423941410244224,-0.8423941410244224,1.0,1.8423941410244224,-0.8423941410244223,1.0,1.8423941410244224,-0.8423941410244223,1.0,1.8423941410244224,-0.8423941410244224,1.0,1.8423941410244224,-0.8423941410244224,1.0,1.8423941410244224,-0.8423941410244224,1.0,1.8423941410244224,-0.8423941410244224,1.0,1.8423941410244224,-0.8423941410244224,1.0,1.8423941410244224,-0.8423941410244224,1.0,1.8423941410244224,-0.8423941410244224,1.0,1.8423941410244224,-0.8423941410244223,1.0,1.8423941410244224,-0.8423941410244223,1.0,1.8423941410244224,-0.8423941410244224,1.0,1.8423941410244224,-0.8423941410244224,1.0,1.8423941410244224,-0.8423941410244224,1.0,1.8423941410244224,-0.8423941410244223,1.0,1.8423941410244224,-0.8423941410244224,1.0,1.8423941410244224,-0.8423941410244224,1.0,1.8423941410244224,-0.8423941410244224,1.0,1.8423941410244224,-0.8423941410244224,1.0,1.8423941410244224,-0.8423941410244224,1.0,1.8423941410244224,-0.8423941410244224,1.0,1.8423941410244224,-0.8423941410244224,1.0,1.8423941410244224,-0.8423941410244224,1.0,1.8423941410244224,-0.8423941410244223,1.0,1.8423941410244224,-0.8423941410244224,1.0,1.8423941410244224,-0.8423941410244223,1.0,1.8423941410244224,-0.8423941410244223,1.0,1.8423941410244224,-0.8423941410244224,1.0,1.8423941410244224,-0.8423941410244224,1.0,1.8423941410244224,-0.8423941410244224,1.0,1.8423941410244224,-0.8423941410244223,1.0,1.8423941410244224,-0.8423941410244224,1.0,1.8423941410244224
Exchange,-1.0,1.0,2.0,0.0,0.0,0.0,0.0,0.0,0.0,0.0,0.0,0.0,1.0,1.0,0.0,0.0,1.0,1.0,1.0,1.0,0.0,1.0,1.0,0.0,0.0,0.0,0.0,1.0,0.0,-1.0,1.0,1.0,0.0,0.0,0.0,0.0,1.0,1.0,0.0,0.0,0.0,0.0,1.0,1.0,0.0,1.0,1.0,0.0,1.0,1.0,0.0,0.0,0.0,0.0,1.0,1.0,0.0,1.0,1.0,0.0,-0.7460553156422517,0.0,0.7460553156422517,1.0,1.0,0.0,0.0,0.0,0.0,1.0,1.0,0.0,1.0,1.0,0.0,1.0,0.0,-1.0,1.0,0.0,-1.0,0.0,0.0,0.0,1.0,1.0,0.0,1.0,1.0,0.0,0.0,0.0,0.0,1.0,0.0,-1.0,1.0,1.0,0.0,1.0,1.0,0.0,1.0,1.0,0.0,1.0,1.0,0.0,0.0,0.0,0.0,1.0,1.0,0.0,1.0,1.0,0.0,1.0,1.0,0.0,1.0,1.0,0.0
Glycine and Serine Metabolism,1.0,1.0,0.0,1.0,1.0,0.0,1.0,1.0,0.0,1.0,1.0,0.0,1.0,1.0,0.0,1.0,1.0,0.0,1.0,1.0,0.0,1.0,1.0,0.0,1.0,1.0,0.0,1.0,1.0,0.0,1.0,1.0,0.0,1.0,1.0,0.0,1.0,1.0,0.0,1.0,1.0,0.0,1.0,1.0,0.0,1.0,1.0,0.0,1.0,1.0,0.0,1.0,1.0,0.0,1.0,1.0,0.0,1.0,1.0,0.0,1.0,1.0,0.0,1.0,1.0,0.0,1.0,1.0,0.0,1.0,1.0,0.0,1.0,1.0,0.0,1.0,1.0,0.0,1.0,1.0,0.0,1.0,1.0,0.0,1.0,1.0,0.0,1.0,1.0,0.0,1.0,1.0,0.0,1.0,1.0,0.0,1.0,1.0,0.0,1.0,1.0,0.0,1.0,1.0,0.0,1.0,1.0,0.0,1.0,1.0,0.0,1.0,1.0,0.0,1.0,1.0,0.0,1.0,1.0,0.0,1.0,1.0,0.0
One carbon pool by folate,,,,,,,,,,,,,,,,,,,,,,,,,,,,,,,,,,,,,,,,,,,,,,,,,,,,,,,,,,,,,,,,,,,,,,,,,,,,,,,,,,,,,,,,,,,,,,,,,,,,,,,,,,,,,,,,,,,,,,,,,,,
Central Metabolism,,,,,,,,,,,,,,,,,,,,,,,,,,,,,,,,,,,,,,,,,,,,,,,,,,,,,,,,,,,,,,,,,,,,,,,,,,,,,,,,,,,,,,,,,,,,,,,,,,,,,,,,,,,,,,,,,,,,,,,,,,,
Cofactor and Prosthetic Group Biosynthesis Queuosine biosynthesis,,,,,,,,,,,,,,,,,,,,,,,,,,,,,,,,,,,,,,,,,,,,,,,,,,,,,,,,,,,,,,,,,,,,,,,,,,,,,,,,,,,,,,,,,,,,,,,,,,,,,,,,,,,,,,,,,,,,,,,,,,,
Citrate cycle (TCA cycle),,,,,,,,,,,,,,,,,,,,,,,,,,,,,,,,,,,,,,,,,,,,,,,,,,,,,,,,,,,,,,,,,,,,,,,,,,,,,,,,,,,,,,,,,,,,,,,,,,,,,,,,,,,,,,,,,,,,,,,,,,,
"Transport, Outer Membrane Porin",-0.33760113700965655,1.0,1.3376011370096565,-0.3378206565770488,1.0,1.3378206565770487,-0.33724128641147133,1.0,1.3372412864114713,-0.33722717953916126,1.0,1.3372271795391613,-0.4426298780765137,1.0,1.4426298780765137,-0.44367015546634064,1.0,1.4436701554663407,-0.4402732259138109,1.0,1.440273225913811,-0.4426298780765137,1.0,1.4426298780765137,-0.33724128641147133,1.0,1.3372412864114713,-0.3378127815871419,1.0,1.337812781587142,-0.4426298780765137,1.0,1.4426298780765137,-0.3372531104797877,1.0,1.3372531104797876,-0.4403414542917217,1.0,1.4403414542917217,-0.33724128641147133,1.0,1.3372412864114713,-0.43786292580660424,1.0,1.4378629258066042,-0.4378598778286003,1.0,1.4378598778286003,-0.4403414542917217,1.0,1.4403414542917217,-0.33724128641147133,1.0,1.3372412864114713,-0.4426298780765137,1.0,1.4426298780765137,-0.4426298780765137,1.0,1.4426298780765137,-0.3375012182063534,1.0,1.3375012182063535,-0.20131102428241662,1.0,1.2013110242824165,-0.33760107767916,1.0,1.33760107767916,-0.4426298780765137,1.0,1.4426298780765137,-0.420304416288864,1.0,1.420304416288864,-0.33724128641147133,1.0,1.3372412864114713,-0.33724128641147133,1.0,1.3372412864114713,-0.33786806396705826,1.0,1.3378680639670582,-0.44237993854544616,1.0,1.442379938545446,-0.4403414542917217,1.0,1.4403414542917217,-0.33744211009862657,1.0,1.3374421100986265,-0.33724128641147133,1.0,1.3372412864114713,-0.4426298780765137,1.0,1.4426298780765137,-0.16173876227870532,1.0,1.1617387622787052,-0.4426298780765137,1.0,1.4426298780765137,-0.4426298780765137,1.0,1.4426298780765137,-0.33781281445938166,1.0,1.3378128144593817,-0.44237993854544616,1.0,1.442379938545446,0.2270200818390505,1.0,0.7729799181609495,-0.4402732158129057,1.0,1.4402732158129057,-0.44043430451919807,1.0,1.440434304519198
Lysine degradation,,,,,,,,,,,,,,,,,,,,,,,,,,,,,,,,,,,,,,,,,,,,,,,,,,,,,,,,,,,,,,,,,,,,,,,,,,,,,,,,,,,,,,,,,,,,,,,,,,,,,,,,,,,,,,,,,,,,,,,,,,,
"Transport, Inner Membrane",-0.8409226686720985,1.0,1.8409226686720985,-0.8411288962748078,1.0,1.8411288962748078,-0.8529875224897391,1.0,1.8529875224897392,-0.8530024631327582,1.0,1.8530024631327582,-0.7135145429251518,1.0,1.713514542925152,-0.7611726053926768,1.0,1.7611726053926768,-0.6433609078599526,1.0,1.6433609078599525,-0.7135145429251518,1.0,1.713514542925152,-0.8529875224897391,1.0,1.8529875224897392,-0.8411381548424688,1.0,1.8411381548424688,-0.7135145429251518,1.0,1.713514542925152,-0.8529745820952895,1.0,1.8529745820952894,-0.6735194924752201,1.0,1.6735194924752201,-0.8529875224897391,1.0,1.8529875224897392,-0.6123779930570711,1.0,1.6123779930570712,-0.6123190657325849,1.0,1.612319065732585,-0.6735194924752201,1.0,1.6735194924752201,-0.8529875224897391,1.0,1.8529875224897392,-0.7135145429251518,1.0,1.713514542925152,-0.7135145429251518,1.0,1.713514542925152,-0.8531271849974082,1.0,1.8531271849974082,-0.6123838891980626,1.0,1.6123838891980626,-0.8409226835430508,1.0,1.8409226835430508,-0.7135145429251518,1.0,1.713514542925152,-0.7186845546574865,1.0,1.7186845546574865,-0.8529875224897391,1.0,1.8529875224897392,-0.8529875224897391,1.0,1.8529875224897392,-0.8522613159344854,1.0,1.8522613159344854,-0.66509242734334,1.0,1.6650924273433398,-0.6735194924752201,1.0,1.6735194924752201,-0.8531834802762717,1.0,1.8531834802762717,-0.8529875224897391,1.0,1.8529875224897392,-0.7135145429251518,1.0,1.713514542925152,-0.6012160707140864,1.0,1.6012160707140866,-0.7135145429251518,1.0,1.713514542925152,-0.7135145429251518,1.0,1.713514542925152,-0.8411381180975829,1.0,1.8411381180975828,-0.66509242734334,1.0,1.6650924273433398,-0.6689507456070094,1.0,1.6689507456070094,-0.6433608074351038,1.0,1.6433608074351038,-0.6841842884288589,1.0,1.684184288428859
Nicotinate and nicotinamide metabolism,,,,,,,,,,,,,,,,,,,,,,,,,,,,,,,,,,,,,,,,,,,,,,,,,,,,,,,,,,,,,,,,,,,,,,,,,,,,,,,,,,,,,,,,,,,,,,,,,,,,,,,,,,,,,,,,,,,,,,,,,,,
Urea cycle and metabolism of amino groups,,,,,,,,,,,,,,,,,,,,,,,,,,,,,,,,,,,,,,,,,,,,,,,,,,,,,,,,,,,,,,,,,,,,,,,,,,,,,,,,,,,,,,,,,,,,,,,,,,,,,,,,,,,,,,,,,,,,,,,,,,,
Purine and Pyrimidine Biosynthesis,0.6188580732193666,1.0,0.3811419267806334,0.6189412553170799,1.0,0.3810587446829201,0.6188580732193665,1.0,0.3811419267806335,0.6188580732193665,1.0,0.3811419267806335,0.6189412553170801,1.0,0.3810587446829199,0.5185911889092331,1.0,0.48140881109076694,0.6189412553170802,1.0,0.3810587446829198,0.6189412553170801,1.0,0.3810587446829199,0.6188580732193665,1.0,0.3811419267806335,0.6188580732193666,1.0,0.3811419267806334,0.6189412553170801,1.0,0.3810587446829199,0.6189412553170802,1.0,0.3810587446829198,0.6188580732193664,1.0,0.38114192678063363,0.6188580732193665,1.0,0.3811419267806335,0.6189412553170802,1.0,0.3810587446829198,0.6189412553170801,1.0,0.3810587446829199,0.6188580732193664,1.0,0.38114192678063363,0.6188580732193665,1.0,0.3811419267806335,0.6189412553170801,1.0,0.3810587446829199,0.6189412553170801,1.0,0.3810587446829199,0.6189412553170802,1.0,0.3810587446829198,0.6189412553170802,1.0,0.3810587446829198,0.6188580732193665,1.0,0.3811419267806335,0.6189412553170801,1.0,0.3810587446829199,0.6188580732193665,1.0,0.3811419267806335,0.6188580732193665,1.0,0.3811419267806335,0.6188580732193665,1.0,0.3811419267806335,0.6188580732193666,1.0,0.3811419267806334,0.6188580732193665,1.0,0.3811419267806335,0.6188580732193664,1.0,0.38114192678063363,0.6189412553170801,1.0,0.3810587446829199,0.6188580732193665,1.0,0.3811419267806335,0.6189412553170801,1.0,0.3810587446829199,0.6188580732193665,1.0,0.3811419267806335,0.6189412553170801,1.0,0.3810587446829199,0.6189412553170801,1.0,0.3810587446829199,0.6189412553170801,1.0,0.3810587446829199,0.6188580732193665,1.0,0.3811419267806335,0.6189412553170801,1.0,0.3810587446829199,0.6188580732193665,1.0,0.3811419267806335,0.6189412553170801,1.0,0.3810587446829199
Nucleotide Salvage Pathway,1.0,1.0,0.0,1.0,1.0,0.0,1.0,1.0,0.0,1.0,1.0,0.0,1.0,1.0,0.0,0.3333347483176981,1.0,0.666665251682302,1.0,1.0,0.0,1.0,1.0,0.0,1.0,1.0,0.0,1.0,1.0,0.0,1.0,1.0,0.0,1.0,1.0,0.0,1.0,1.0,0.0,1.0,1.0,0.0,1.0,1.0,0.0,1.0,1.0,0.0,1.0,1.0,0.0,1.0,1.0,0.0,1.0,1.0,0.0,1.0,1.0,0.0,1.0,1.0,0.0,1.0,1.0,0.0,1.0,1.0,0.0,1.0,1.0,0.0,1.0,1.0,0.0,1.0,1.0,0.0,1.0,1.0,0.0,1.0,1.0,0.0,1.0,1.0,0.0,1.0,1.0,0.0,1.0,1.0,0.0,1.0,1.0,0.0,1.0,1.0,0.0,1.0,1.0,0.0,1.0,1.0,0.0,1.0,1.0,0.0,1.0,1.0,0.0,1.0,1.0,0.0,1.0,1.0,0.0,1.0,1.0,0.0,1.0,1.0,0.0
"Tyrosine, Tryptophan, and Phenylalanine Metabolism",0.8457257911929054,1.0,0.15427420880709464,0.8457257911929054,1.0,0.15427420880709464,0.8457257911929054,1.0,0.15427420880709464,0.8457257911929054,1.0,0.15427420880709464,0.8457257911929054,1.0,0.15427420880709464,0.9021988801403973,1.0,0.09780111985960271,0.8457257911929054,1.0,0.15427420880709464,0.8457257911929054,1.0,0.15427420880709464,0.8457257911929054,1.0,0.15427420880709464,0.8457257911929054,1.0,0.15427420880709464,0.8457257911929054,1.0,0.15427420880709464,0.8457257911929054,1.0,0.15427420880709464,0.8457257911929054,1.0,0.15427420880709464,0.8457257911929054,1.0,0.15427420880709464,0.8457492610520354,1.0,0.1542507389479646,0.8457492610520356,1.0,0.15425073894796437,0.8457257911929054,1.0,0.15427420880709464,0.8457257911929054,1.0,0.15427420880709464,0.8457257911929054,1.0,0.15427420880709464,0.8457257911929054,1.0,0.15427420880709464,0.8457257911929054,1.0,0.15427420880709464,0.8457609933039377,1.0,0.15423900669606228,0.8457257911929054,1.0,0.15427420880709464,0.8457257911929054,1.0,0.15427420880709464,0.8457257911929054,1.0,0.15427420880709464,0.8457257911929054,1.0,0.15427420880709464,0.8457257911929054,1.0,0.15427420880709464,0.8457257911929054,1.0,0.15427420880709464,0.8457257911929054,1.0,0.15427420880709464,0.8457257911929054,1.0,0.15427420880709464,0.8457257911929054,1.0,0.15427420880709464,0.8457257911929054,1.0,0.15427420880709464,0.8457257911929054,1.0,0.15427420880709464,0.8457609933039378,1.0,0.15423900669606216,0.8457257911929054,1.0,0.15427420880709464,0.8457257911929054,1.0,0.15427420880709464,0.8457257911929054,1.0,0.15427420880709464,0.8457257911929054,1.0,0.15427420880709464,0.8457609933039377,1.0,0.15423900669606228,0.8457257911929054,1.0,0.15427420880709464,0.8457257911929054,1.0,0.15427420880709464
none,,,,,,,,,,,,,,,,,,,,,,,,,,,,,,,,,,,,,,,,,,,,,,,,,,,,,,,,,,,,,,,,,,,,,,,,,,,,,,,,,,,,,,,,,,,,,,,,,,,,,,,,,,,,,,,,,,,,,,,,,,,
Transport ABC system,,,,,,,,,,,,,,,,,,,,,,,,,,,,,,,,,,,,,,,,,,,,,,,,,,,,,,,,,,,,,,,,,,,,,,,,,,,,,,,,,,,,,,,,,,,,,,,,,,,,,,,,,,,,,,,,,,,,,,,,,,,
Arginine and Proline Metabolism,0.4873755488716004,1.0,0.5126244511283996,0.48737554887160045,1.0,0.5126244511283995,0.4873755488716004,1.0,0.5126244511283996,0.3905518263393616,1.0,0.6094481736606384,0.4873755488716001,1.0,0.5126244511283999,0.5943568990547607,1.0,0.40564310094523925,0.4873755488716003,1.0,0.5126244511283997,0.4873755488716001,1.0,0.5126244511283999,0.4873755488716004,1.0,0.5126244511283996,0.4873755488716004,1.0,0.5126244511283996,0.4873755488716001,1.0,0.5126244511283999,0.48737554887160045,1.0,0.5126244511283995,0.4873755488716004,1.0,0.5126244511283996,0.4873755488716004,1.0,0.5126244511283996,0.48737554887160045,1.0,0.5126244511283995,0.4873755488716003,1.0,0.5126244511283997,0.4873755488716004,1.0,0.5126244511283996,0.4873755488716004,1.0,0.5126244511283996,0.4873755488716001,1.0,0.5126244511283999,0.4873755488716001,1.0,0.5126244511283999,0.4873755488716003,1.0,0.5126244511283997,0.4873755488716004,1.0,0.5126244511283996,0.4873755488716004,1.0,0.5126244511283996,0.4873755488716001,1.0,0.5126244511283999,0.48737554887160045,1.0,0.5126244511283995,0.4873755488716004,1.0,0.5126244511283996,0.4873755488716004,1.0,0.5126244511283996,0.4873755488716004,1.0,0.5126244511283996,0.4873755488716004,1.0,0.5126244511283996,0.4873755488716004,1.0,0.5126244511283996,0.4873755488716001,1.0,0.5126244511283999,0.4873755488716004,1.0,0.5126244511283996,0.4873755488716001,1.0,0.5126244511283999,0.5724179788336632,1.0,0.4275820211663368,0.4873755488716001,1.0,0.5126244511283999,0.4873755488716001,1.0,0.5126244511283999,0.4873755488716004,1.0,0.5126244511283996,0.4873755488716004,1.0,0.5126244511283996,0.5723960355861654,1.0,0.42760396441383464,0.4873755488716002,1.0,0.5126244511283998,0.48737554887160045,1.0,0.5126244511283995
Cofactor and Prosthetic Group Biosynthesis,0.8794070734844359,1.0,0.12059292651556408,0.8800849386727582,1.0,0.11991506132724183,0.8794070734844359,1.0,0.12059292651556408,0.8794070734844359,1.0,0.12059292651556408,0.8800849386727582,1.0,0.11991506132724183,1.0,1.0,0.0,1.0,1.0,0.0,0.8800849386727582,1.0,0.11991506132724183,0.8794070734844359,1.0,0.12059292651556408,0.8794070734844359,1.0,0.12059292651556408,0.8800849386727582,1.0,0.11991506132724183,0.8809769794731229,1.0,0.11902302052687708,0.8794070734844359,1.0,0.12059292651556408,0.8794070734844359,1.0,0.12059292651556408,1.0,1.0,0.0,1.0,1.0,0.0,0.8794070734844359,1.0,0.12059292651556408,0.8794070734844359,1.0,0.12059292651556408,0.8800849386727582,1.0,0.11991506132724183,0.8800849386727582,1.0,0.11991506132724183,0.8800849386727583,1.0,0.11991506132724172,1.0,1.0,0.0,0.8794070734844358,1.0,0.12059292651556419,0.8800849386727582,1.0,0.11991506132724183,0.8794070734844359,1.0,0.12059292651556408,0.8794070734844359,1.0,0.12059292651556408,0.8794070734844359,1.0,0.12059292651556408,0.8794070734844359,1.0,0.12059292651556408,0.8803091900499915,1.0,0.11969080995000847,0.8794070734844359,1.0,0.12059292651556408,0.8800849386727582,1.0,0.11991506132724183,0.8794070734844359,1.0,0.12059292651556408,0.8800849386727582,1.0,0.11991506132724183,1.0,1.0,0.0,0.8800849386727582,1.0,0.11991506132724183,0.8800849386727582,1.0,0.11991506132724183,0.8800849386727583,1.0,0.11991506132724172,0.8803091900499915,1.0,0.11969080995000847,1.0,1.0,0.0,0.8794070734844358,1.0,0.12059292651556419,0.8800849386727582,1.0,0.11991506132724183
Formaldehyde Metabolism,,,,,,,,,,,,,,,,,,,,,,,,,,,,,,,,,,,,,,,,,,,,,,,,,,,,,,,,,,,,,,,,,,,,,,,,,,,,,,,,,,,,,,,,,,,,,,,,,,,,,,,,,,,,,,,,,,,,,,,,,,,
PHAMetabolism,,,,,,,,,,,,,,,,,,,,,,,,,,,,,,,,,,,,,,,,,,,,,,,,,,,,,,,,,,,,,,,,,,,,,,,,,,,,,,,,,,,,,,,,,,,,,,,,,,,,,,,,,,,,,,,,,,,,,,,,,,,
Lysine Metabolism,,,,,,,,,,,,,,,,,,,,,,,,,,,,,,,,,,,,,,,,,,,,,,,,,,,,,,,,,,,,,,,,,,,,,,,,,,,,,,,,,,,,,,,,,,,,,,,,,,,,,,,,,,,,,,,,,,,,,,,,,,,
Citric Acid Cycle,1.0,1.0,0.0,1.0,1.0,0.0,1.0,1.0,0.0,1.0,1.0,0.0,1.0,1.0,0.0,0.8778725958609334,1.0,0.12212740413906664,1.0,1.0,0.0,1.0,1.0,0.0,1.0,1.0,0.0,1.0,1.0,0.0,1.0,1.0,0.0,1.0,1.0,0.0,1.0,1.0,0.0,1.0,1.0,0.0,1.0,1.0,0.0,1.0,1.0,0.0,1.0,1.0,0.0,1.0,1.0,0.0,1.0,1.0,0.0,1.0,1.0,0.0,1.0,1.0,0.0,1.0,1.0,0.0,1.0,1.0,0.0,1.0,1.0,0.0,1.0,1.0,0.0,1.0,1.0,0.0,1.0,1.0,0.0,1.0,1.0,0.0,1.0,1.0,0.0,1.0,1.0,0.0,1.0,1.0,0.0,1.0,1.0,0.0,1.0,1.0,0.0,1.0,1.0,0.0,1.0,1.0,0.0,1.0,1.0,0.0,1.0,1.0,0.0,1.0,1.0,0.0,1.0,1.0,0.0,1.0,1.0,0.0,1.0,1.0,0.0
Oxidative phosphorylation,,,,,,,,,,,,,,,,,,,,,,,,,,,,,,,,,,,,,,,,,,,,,,,,,,,,,,,,,,,,,,,,,,,,,,,,,,,,,,,,,,,,,,,,,,,,,,,,,,,,,,,,,,,,,,,,,,,,,,,,,,,
Folate Metabolism,1.0,1.0,0.0,1.0,1.0,0.0,1.0,1.0,0.0,1.0,1.0,0.0,1.0,1.0,0.0,1.0,1.0,0.0,1.0,1.0,0.0,1.0,1.0,0.0,1.0,1.0,0.0,1.0,1.0,0.0,1.0,1.0,0.0,1.0,1.0,0.0,1.0,1.0,0.0,1.0,1.0,0.0,1.0,1.0,0.0,1.0,1.0,0.0,1.0,1.0,0.0,1.0,1.0,0.0,1.0,1.0,0.0,1.0,1.0,0.0,1.0,1.0,0.0,1.0,1.0,0.0,1.0,1.0,0.0,1.0,1.0,0.0,1.0,1.0,0.0,1.0,1.0,0.0,1.0,1.0,0.0,1.0,1.0,0.0,1.0,1.0,0.0,1.0,1.0,0.0,1.0,1.0,0.0,1.0,1.0,0.0,1.0,1.0,0.0,1.0,1.0,0.0,1.0,1.0,0.0,1.0,1.0,0.0,1.0,1.0,0.0,1.0,1.0,0.0,1.0,1.0,0.0,1.0,1.0,0.0,1.0,1.0,0.0
Glycerophospholipid Metabolism,1.0,0.4345161468203773,-0.5654838531796227,1.0,0.306253024737393,-0.693746975262607,1.0,0.0,-1.0,1.0,0.0,-1.0,1.0,0.0,-1.0,1.0,1.0,0.0,1.0,0.0,-1.0,1.0,0.9851620326651119,-0.01483796733488807,1.0,1.0,0.0,1.0,1.0,0.0,1.0,0.28850569603129883,-0.7114943039687012,1.0,0.0,-1.0,1.0,0.0,-1.0,1.0,0.0,-1.0,1.0,0.0,-1.0,1.0,0.0,-1.0,1.0,0.7232466221098351,-0.27675337789016485,1.0,0.0,-1.0,1.0,-0.999999130299585,-1.999999130299585,1.0,0.0,-1.0,1.0,0.0,-1.0,1.0,-1.0,-2.0,1.0,0.801162873052182,-0.19883712694781797,1.0,0.0,-1.0,1.0,0.0,-1.0,1.0,1.0,0.0,1.0,0.0,-1.0,1.0,1.0,0.0,1.0,0.0,-1.0,1.0,0.0,-1.0,1.0,0.0,-1.0,1.0,0.0,-1.0,1.0,0.0,-1.0,1.0,0.025134037236883348,-0.9748659627631167,1.0,0.0,-1.0,1.0,0.26900056177381915,-0.7309994382261809,1.0,-0.5830880564838521,-1.583088056483852,1.0,1.0,0.0,1.0,0.0,-1.0,1.0,-0.222241769368373,-1.222241769368373,1.0,0.0,-1.0
Methionine Metabolism,1.0,1.0,0.0,1.0,1.0,0.0,1.0,1.0,0.0,1.0,1.0,0.0,1.0,1.0,0.0,1.0,1.0,0.0,1.0,1.0,0.0,1.0,1.0,0.0,1.0,1.0,0.0,1.0,1.0,0.0,1.0,1.0,0.0,1.0,1.0,0.0,1.0,1.0,0.0,1.0,1.0,0.0,1.0,1.0,0.0,1.0,1.0,0.0,1.0,1.0,0.0,1.0,1.0,0.0,1.0,1.0,0.0,1.0,1.0,0.0,1.0,1.0,0.0,1.0,1.0,0.0,1.0,1.0,0.0,1.0,1.0,0.0,1.0,1.0,0.0,1.0,1.0,0.0,1.0,1.0,0.0,1.0,1.0,0.0,1.0,1.0,0.0,1.0,1.0,0.0,1.0,1.0,0.0,1.0,1.0,0.0,1.0,1.0,0.0,1.0,1.0,0.0,1.0,1.0,0.0,1.0,1.0,0.0,1.0,1.0,0.0,1.0,1.0,0.0,1.0,1.0,0.0,1.0,1.0,0.0,1.0,1.0,0.0
Cell Envelope Biosynthesis Lipid A Biosynthesis,,,,,,,,,,,,,,,,,,,,,,,,,,,,,,,,,,,,,,,,,,,,,,,,,,,,,,,,,,,,,,,,,,,,,,,,,,,,,,,,,,,,,,,,,,,,,,,,,,,,,,,,,,,,,,,,,,,,,,,,,,,
Aminoacyl-tRNA biosynthesis,,,,,,,,,,,,,,,,,,,,,,,,,,,,,,,,,,,,,,,,,,,,,,,,,,,,,,,,,,,,,,,,,,,,,,,,,,,,,,,,,,,,,,,,,,,,,,,,,,,,,,,,,,,,,,,,,,,,,,,,,,,
Membrane Lipid Metabolism,0.6492334951991378,0.9999999999996998,0.35076650480056204,0.9432590560955495,0.9999999999999821,0.05674094390443263,0.6492334951991378,0.0,-0.6492334951991378,0.6492334951991378,0.0,-0.6492334951991378,1.0,0.0,-1.0,-0.9999924951345983,1.0,1.9999924951345984,0.9432590560955495,0.0,-0.9432590560955495,1.0,0.9999999999999998,-2.220446049250313e-16,0.6492334951991378,1.0,0.35076650480086224,0.9432590560955495,0.045379892274661604,-0.8978791638208878,1.0,0.9999999999999986,-1.4432899320127035e-15,0.6492334951991378,0.0,-0.6492334951991378,0.6492334951991378,0.0,-0.6492334951991378,0.6492334951991378,0.0,-0.6492334951991378,0.9432590560955495,0.0,-0.9432590560955495,0.9432590560955495,0.0,-0.9432590560955495,0.6492334951991378,0.9999999999999996,0.3507665048008618,0.6492334951991378,0.0,-0.6492334951991378,1.0,0.12260799071685416,-0.8773920092831459,1.0,0.0,-1.0,1.0,0.0,-1.0,0.9432590560955495,1.0,0.0567409439044505,0.6492334951991378,0.9999999444170642,0.35076644921792643,1.0,0.0,-1.0,0.6492334951991378,0.0,-0.6492334951991378,0.6492334951991378,1.0,0.35076650480086224,0.6492334951991378,0.0,-0.6492334951991378,1.0,1.0,0.0,0.9432590560955495,0.0,-0.9432590560955495,0.6492334951991378,-0.5000000000000001,-1.1492334951991379,0.9432590560955495,0.0,-0.9432590560955495,0.6492334951991378,0.0,-0.6492334951991378,1.0,0.0,-1.0,1.0,0.8772245547289708,-0.12277544527102924,1.0,0.0,-1.0,1.0,0.9999999999999997,-3.3306690738754696e-16,0.9432590560955495,0.9999999999998567,0.05674094390430717,0.9432590560955495,0.0,-0.9432590560955495,1.0,0.0,-1.0,0.9432590560955495,-1.0,-1.9432590560955494,1.0,-1.0,-2.0
Oxidative Phosphorylation,1.0,1.0,0.0,1.0,1.0,0.0,1.0,1.0,0.0,1.0,1.0,0.0,1.0,1.0,0.0,0.9477284337631443,1.0,0.05227156623685569,1.0,1.0,0.0,1.0,1.0,0.0,1.0,1.0,0.0,1.0,1.0,0.0,1.0,1.0,0.0,1.0,1.0,0.0,1.0,1.0,0.0,1.0,1.0,0.0,1.0,1.0,0.0,1.0,1.0,0.0,1.0,1.0,0.0,1.0,1.0,0.0,1.0,1.0,0.0,1.0,1.0,0.0,1.0,1.0,0.0,1.0,1.0,0.0,1.0,1.0,0.0,1.0,1.0,0.0,1.0,1.0,0.0,1.0,1.0,0.0,1.0,1.0,0.0,1.0,1.0,0.0,1.0,1.0,0.0,1.0,1.0,0.0,1.0,1.0,0.0,1.0,1.0,0.0,1.0,1.0,0.0,1.0,1.0,0.0,1.0,1.0,0.0,1.0,1.0,0.0,1.0,1.0,0.0,1.0,1.0,0.0,1.0,1.0,0.0,1.0,1.0,0.0,1.0,1.0,0.0
Glutamate Metabolism,1.0,1.0,0.0,1.0,1.0,0.0,1.0,1.0,0.0,1.0,1.0,0.0,1.0,1.0,0.0,1.0,-1.0,-2.0,1.0,1.0,0.0,1.0,1.0,0.0,1.0,1.0,0.0,1.0,1.0,0.0,1.0,1.0,0.0,1.0,1.0,0.0,1.0,1.0,0.0,1.0,1.0,0.0,1.0,1.0,0.0,1.0,1.0,0.0,1.0,1.0,0.0,1.0,1.0,0.0,1.0,1.0,0.0,1.0,1.0,0.0,1.0,1.0,0.0,1.0,1.0,0.0,1.0,1.0,0.0,1.0,1.0,0.0,1.0,1.0,0.0,1.0,1.0,0.0,1.0,1.0,0.0,1.0,1.0,0.0,1.0,1.0,0.0,1.0,1.0,0.0,1.0,1.0,0.0,1.0,1.0,0.0,1.0,1.0,0.0,1.0,1.0,0.0,1.0,1.0,0.0,1.0,1.0,0.0,1.0,1.0,0.0,1.0,1.0,0.0,1.0,1.0,0.0,1.0,1.0,0.0,1.0,1.0,0.0
Histidine metabolism,,,,,,,,,,,,,,,,,,,,,,,,,,,,,,,,,,,,,,,,,,,,,,,,,,,,,,,,,,,,,,,,,,,,,,,,,,,,,,,,,,,,,,,,,,,,,,,,,,,,,,,,,,,,,,,,,,,,,,,,,,,
Amino Acid Metabolism,1.0,1.0,0.0,1.0,1.0,0.0,1.0,1.0,0.0,1.0,1.0,0.0,1.0,1.0,0.0,-0.9999993695071919,1.0,1.9999993695071918,1.0,1.0,0.0,1.0,1.0,0.0,1.0,1.0,0.0,1.0,1.0,0.0,1.0,1.0,0.0,1.0,1.0,0.0,1.0,1.0,0.0,1.0,1.0,0.0,1.0,1.0,0.0,1.0,1.0,0.0,1.0,1.0,0.0,1.0,1.0,0.0,1.0,1.0,0.0,1.0,1.0,0.0,1.0,1.0,0.0,1.0,1.0,0.0,1.0,1.0,0.0,1.0,1.0,0.0,1.0,1.0,0.0,1.0,1.0,0.0,1.0,1.0,0.0,1.0,1.0,0.0,1.0,1.0,0.0,1.0,1.0,0.0,1.0,1.0,0.0,1.0,1.0,0.0,1.0,1.0,0.0,1.0,1.0,0.0,1.0,1.0,0.0,1.0,1.0,0.0,1.0,1.0,0.0,1.0,1.0,0.0,1.0,1.0,0.0,1.0,1.0,0.0,1.0,1.0,0.0
Heavy Metal Tolerance,,,,,,,,,,,,,,,,,,,,,,,,,,,,,,,,,,,,,,,,,,,,,,,,,,,,,,,,,,,,,,,,,,,,,,,,,,,,,,,,,,,,,,,,,,,,,,,,,,,,,,,,,,,,,,,,,,,,,,,,,,,
Vitamin B6 metabolism,,,,,,,,,,,,,,,,,,,,,,,,,,,,,,,,,,,,,,,,,,,,,,,,,,,,,,,,,,,,,,,,,,,,,,,,,,,,,,,,,,,,,,,,,,,,,,,,,,,,,,,,,,,,,,,,,,,,,,,,,,,
Cell Envelope Biosynthesis,0.8811471424224369,0.9998495160639493,0.11870237364151248,0.9721443166342166,1.0,0.027855683365783368,0.8811471424224369,1.0,0.11885285757756314,0.8811471424224369,0.0,-0.8811471424224369,0.9712403300647923,0.0,-0.9712403300647923,-0.9999867064018463,1.0,1.9999867064018462,0.9725753287860281,0.0,-0.9725753287860281,0.9712403300647923,0.9151433922923677,-0.05609693777242453,0.8811471424224369,1.0,0.11885285757756314,0.9725753287860281,0.938762662943819,-0.0338126658422091,0.9712403300647923,0.03972244735808264,-0.9315178827067097,0.8811471424224369,0.0,-0.8811471424224369,0.8811471424224369,0.0,-0.8811471424224369,0.8811471424224369,0.0,-0.8811471424224369,0.9725753287860281,0.0,-0.9725753287860281,0.9725753287860281,0.0,-0.9725753287860281,0.8811471424224369,0.945518622314395,0.06437147989195813,0.8811471424224369,0.0,-0.8811471424224369,0.9712403300647923,0.358686299781694,-0.6125540302830983,0.9712403300647923,1.0,0.028759669935207732,0.9712403300647922,0.0,-0.9712403300647922,0.9725753287860281,1.0,0.027424671213971852,0.8811471424224369,0.9999695454689985,0.11882240304656166,0.9712403300647923,0.0,-0.9712403300647923,0.8811471424224369,0.0,-0.8811471424224369,0.8811471424224369,1.0,0.11885285757756314,0.8811471424224369,0.0,-0.8811471424224369,0.9712403300647923,-1.0,-1.9712403300647923,0.972575328786028,-1.0,-1.9725753287860281,0.8811471424224369,1.0,0.11885285757756314,0.9725753287860281,-1.0,-1.9725753287860281,0.8811471424224369,0.0,-0.8811471424224369,0.9712403300647923,0.0,-0.9712403300647923,0.9712403300647923,0.9355479827786264,-0.03569234728616588,0.9712403300647923,0.0,-0.9712403300647923,0.9712403300647923,0.39223554893370605,-0.5790047811310862,0.9725753287860281,0.35568524399185836,-0.6168900847941698,0.972575328786028,1.0,0.027424671213971963,0.9712403300647923,0.0,-0.9712403300647923,0.9725753287860281,0.007563065180912458,-0.9650122636051157,0.9712403300647923,0.999997300048531,0.028756969983738778
Folate biosynthesis,,,,,,,,,,,,,,,,,,,,,,,,,,,,,,,,,,,,,,,,,,,,,,,,,,,,,,,,,,,,,,,,,,,,,,,,,,,,,,,,,,,,,,,,,,,,,,,,,,,,,,,,,,,,,,,,,,,,,,,,,,,
Tyrosine metabolism,,,,,,,,,,,,,,,,,,,,,,,,,,,,,,,,,,,,,,,,,,,,,,,,,,,,,,,,,,,,,,,,,,,,,,,,,,,,,,,,,,,,,,,,,,,,,,,,,,,,,,,,,,,,,,,,,,,,,,,,,,,
"Valine, Leucine, and Isoleucine Metabolism",0.3110605448359857,1.0,0.6889394551640142,0.3110605448359857,1.0,0.6889394551640142,0.3110605448359857,1.0,0.6889394551640142,0.3110605448359857,1.0,0.6889394551640142,0.3110605448359857,1.0,0.6889394551640142,-1.4046825908219247e-07,1.0,1.000000140468259,0.3110605448359857,1.0,0.6889394551640142,0.3110605448359857,1.0,0.6889394551640142,0.3110605448359857,1.0,0.6889394551640142,0.3110605448359857,1.0,0.6889394551640142,0.3110605448359857,1.0,0.6889394551640142,0.3110605448359857,1.0,0.6889394551640142,0.3110605448359857,1.0,0.6889394551640142,0.3110605448359857,1.0,0.6889394551640142,0.3110605448359857,1.0,0.6889394551640142,0.3110605448359857,1.0,0.6889394551640142,0.3110605448359857,1.0,0.6889394551640142,0.3110605448359857,1.0,0.6889394551640142,0.3110605448359857,1.0,0.6889394551640142,0.3110605448359857,1.0,0.6889394551640142,0.3110605448359857,1.0,0.6889394551640142,0.3110605448359857,1.0,0.6889394551640142,0.3110605448359857,1.0,0.6889394551640142,0.3110605448359857,1.0,0.6889394551640142,0.3110605448359857,1.0,0.6889394551640142,0.3110605448359857,1.0,0.6889394551640142,0.3110605448359857,1.0,0.6889394551640142,0.3110605448359857,1.0,0.6889394551640142,0.31106054483598583,1.0,0.6889394551640142,0.3110605448359857,1.0,0.6889394551640142,0.3110605448359857,1.0,0.6889394551640142,0.3110605448359857,1.0,0.6889394551640142,0.3110605448359857,1.0,0.6889394551640142,0.3110605448359857,1.0,0.6889394551640142,0.3110605448359857,1.0,0.6889394551640142,0.3110605448359857,1.0,0.6889394551640142,0.3110605448359857,1.0,0.6889394551640142,0.31106054483598583,1.0,0.6889394551640142,0.3110605448359857,1.0,0.6889394551640142,0.3110605448359857,1.0,0.6889394551640142,0.3110605448359857,1.0,0.6889394551640142
Cysteine and methionine metabolism,,,,,,,,,,,,,,,,,,,,,,,,,,,,,,,,,,,,,,,,,,,,,,,,,,,,,,,,,,,,,,,,,,,,,,,,,,,,,,,,,,,,,,,,,,,,,,,,,,,,,,,,,,,,,,,,,,,,,,,,,,,
Alternate Carbon Metabolism,0.18680991871656125,1.0,0.8131900812834387,-0.5705810579460711,1.0,1.570581057946071,0.9878400909427344,1.0,0.012159909057265605,0.9878820774571448,1.0,0.012117922542855153,0.9331691351958652,1.0,0.0668308648041348,-0.33332891311970986,1.0,1.33332891311971,0.18668748348478437,1.0,0.8133125165152156,0.9331691351958652,1.0,0.0668308648041348,0.9961368376595116,1.0,0.0038631623404884463,-0.5698536016433481,1.0,1.5698536016433482,0.18668748348478442,1.0,0.8133125165152155,0.987805058417743,1.0,0.01219494158225698,0.9514437284153546,1.0,0.04855627158464537,0.9878400909427344,1.0,0.012159909057265605,0.18668748348478442,1.0,0.8133125165152155,-0.5705810579460712,1.0,1.5705810579460713,0.9514437284153546,1.0,0.04855627158464537,0.9878400909427344,1.0,0.012159909057265605,0.9331691351958652,1.0,0.0668308648041348,0.9331691351958652,1.0,0.0668308648041348,0.9958884924186454,1.0,0.00411150758135459,0.18668748348478445,1.0,0.8133125165152155,0.18680991871656127,1.0,0.8131900812834387,0.977484383579227,1.0,0.022515616420773044,0.9790658702067961,1.0,0.02093412979320386,0.9878400909427344,1.0,0.012159909057265605,0.9878400909427344,1.0,0.012159909057265605,0.9853055908576335,1.0,0.014694409142366527,-0.5698536016433481,1.0,1.5698536016433482,0.9839651612673291,1.0,0.016034838732670864,0.9959449330858842,1.0,0.004055066914115835,0.9878400909427344,1.0,0.012159909057265605,0.18668748348478442,1.0,0.8133125165152155,-0.5698536016433481,1.0,1.5698536016433482,0.9331691351958652,1.0,0.0668308648041348,0.9331691351958652,1.0,0.0668308648041348,-0.5705810579460708,1.0,1.5705810579460708,-0.5698536016433481,1.0,1.5698536016433482,0.991279811858403,1.0,0.00872018814159703,0.18680991871656122,1.0,0.8131900812834387,0.9602481472836145,1.0,0.03975185271638548
Aminophosphonate metabolism,,,,,,,,,,,,,,,,,,,,,,,,,,,,,,,,,,,,,,,,,,,,,,,,,,,,,,,,,,,,,,,,,,,,,,,,,,,,,,,,,,,,,,,,,,,,,,,,,,,,,,,,,,,,,,,,,,,,,,,,,,,
4 hydroxyphenylacetate catabolism,,,,,,,,,,,,,,,,,,,,,,,,,,,,,,,,,,,,,,,,,,,,,,,,,,,,,,,,,,,,,,,,,,,,,,,,,,,,,,,,,,,,,,,,,,,,,,,,,,,,,,,,,,,,,,,,,,,,,,,,,,,
Cofactor and Prosthetic Group Biosynthesis Porphyrin and Chlorophyll Metabolism,,,,,,,,,,,,,,,,,,,,,,,,,,,,,,,,,,,,,,,,,,,,,,,,,,,,,,,,,,,,,,,,,,,,,,,,,,,,,,,,,,,,,,,,,,,,,,,,,,,,,,,,,,,,,,,,,,,,,,,,,,,
Cofactor and Prosthetic Group Biosynthesis Biotin Biosynthesis,,,,,,,,,,,,,,,,,,,,,,,,,,,,,,,,,,,,,,,,,,,,,,,,,,,,,,,,,,,,,,,,,,,,,,,,,,,,,,,,,,,,,,,,,,,,,,,,,,,,,,,,,,,,,,,,,,,,,,,,,,,
Aromatic Acid Breakdown,,,,,,,,,,,,,,,,,,,,,,,,,,,,,,,,,,,,,,,,,,,,,,,,,,,,,,,,,,,,,,,,,,,,,,,,,,,,,,,,,,,,,,,,,,,,,,,,,,,,,,,,,,,,,,,,,,,,,,,,,,,
Butanoate metabolism,,,,,,,,,,,,,,,,,,,,,,,,,,,,,,,,,,,,,,,,,,,,,,,,,,,,,,,,,,,,,,,,,,,,,,,,,,,,,,,,,,,,,,,,,,,,,,,,,,,,,,,,,,,,,,,,,,,,,,,,,,,
mean,0.5837327789568258,0.8337413760305374,0.2500085970737114,0.4369718158516026,0.7635671466696882,0.3265953308180856,0.5381842585820917,0.7317073170731707,0.19352305849107893,0.47499205801332034,0.7560975609756098,0.2811055029622894,0.5169926596928208,0.7317073170731707,0.21471465738034987,0.5025452032969719,0.8832910100105779,0.3807458067136059,0.5428959452335219,0.7317073170731707,0.18881137183964877,0.5843399082581432,0.776314069598266,0.19197416134012296,0.5584232812347785,0.7560975609756098,0.19767427974083132,0.5272314947268855,0.7557107940297191,0.2284792993028336,0.5461878267794132,0.6665421498387654,0.12035432305935218,0.44183540273522104,0.7317073170731707,0.2898719143379496,0.640772498607065,0.7560975609756098,0.11532506236854488,0.5724342737328227,0.6829268292682927,0.11049255553546995,0.5580393031554869,0.7317073170731707,0.17366801391768383,0.4738925339951833,0.7560975609756098,0.2822050269804265,0.6151352239057988,0.772408908400591,0.15727368449479215,0.589229061050828,0.7073170731707317,0.11808801211990376,0.5356554819683227,0.7434462234194869,0.20779074145116422,0.5698537191887694,0.7560975609756098,0.1862438417868404,0.49899658011582015,0.7073170731707317,0.20832049305491165,0.588198992257807,0.7560975609756098,0.1678985687178028,0.5288634988664995,0.7993413590611796,0.27047786019468006,0.5867880567175636,0.7317073170731707,0.14491926035560715,0.5550903003694714,0.7317073170731707,0.17661701670369928,0.6268077768843947,0.7560975609756098,0.1292897840912151,0.5974170196529371,0.7073170731707317,0.10990005351779454,0.585237725538167,0.7073170731707317,0.12207934763256471,0.48575751269001133,0.6829268292682927,0.19716931657828138,0.574860668856826,0.7682926829268293,0.19343201407000338,0.4968956227776704,0.7073170731707317,0.21042145039306132,0.5924775297296012,0.7073170731707317,0.11483954344113047,0.5647024664883334,0.7560975609756098,0.19139509448727632,0.5887882111236795,0.820947664368612,0.2321594532449324,0.5832629826230448,0.7317073170731707,0.14844433445012598,0.5832629826230448,0.7478350270904274,0.16457204446738263,0.4359018158632902,0.7261609070123869,0.2902590911490967,0.48575751269001133,0.7804878048780448,0.2947302921880335,0.5964732679899937,0.7948717948717948,0.1983985268818012,0.4565121402818345,0.7264575571081193,0.26994541682628487,0.6928728421174933,0.7317072512206959,0.0388344091032026
median,1.0,1.0,0.0,0.8800849386727582,1.0,0.0,0.8811471424224369,1.0,0.0,0.8794070734844359,1.0,0.0,0.9712403300647923,1.0,0.0,0.9021988801403973,1.0,0.05227156623685569,0.9725753287860281,1.0,0.0,0.9712403300647923,1.0,0.0,0.9881434994383447,1.0,0.0,0.9908940513144562,1.0,0.0,1.0,1.0,0.0,0.8809769794731229,1.0,0.0,1.0,1.0,0.0,0.9878400909427344,1.0,0.0,1.0,1.0,0.0,0.9432590560955495,1.0,0.0,1.0,1.0,0.0,0.9878400909427344,1.0,0.0,1.0,1.0,0.0,1.0,1.0,0.0,0.9958884924186454,1.0,0.0,0.9929081182831939,1.0,0.0,0.8794070734844358,1.0,0.0,0.977484383579227,1.0,0.0,0.9790658702067961,1.0,0.0,0.9999973063496009,1.0,0.0,0.9881434994383447,1.0,0.0,0.9853055908576335,1.0,0.0,0.9432590560955495,1.0,0.0,1.0,1.0,0.0,0.9725753287860281,1.0,0.0,0.9878400909427344,1.0,0.0,1.0,1.0,0.0,1.0,1.0,0.0,0.996296583022227,1.0,0.0,0.996296583022227,1.0,0.0,0.8800849386727583,1.0,0.0,0.9432590560955495,1.0,0.0,1.0,1.0,0.0,0.8794070734844358,1.0,0.0,1.0,1.0,0.0
